{
  "next_entity": 36,
  "transforms": [
    [
      31,
      {
        "position": [
          1.1159458,
          3.679967,
          0.0
        ],
        "rotation": [
          0.0,
          0.0,
          -70.63017
        ],
        "scale": [
          1.0,
          1.0,
          1.0
        ]
      }
    ],
    [
      29,
      {
        "position": [
          -3.1249535,
          0.8888572,
          0.0
        ],
        "rotation": [
          0.0,
          0.0,
          29.0
        ],
        "scale": [
          1.0,
          1.0,
          1.0
        ]
      }
    ],
    [
      33,
      {
        "position": [
          3.6434677,
          0.34833878,
          0.0
        ],
        "rotation": [
          -11.0,
          -17.0,
          215.12427
        ],
        "scale": [
          1.0,
          1.0,
          1.0
        ]
      }
    ],
    [
      35,
      {
        "position": [
          -0.98000133,
          1.0,
          0.0
        ],
        "rotation": [
          -258.0,
          4.0,
          0.0
        ],
        "scale": [
          1.0,
          1.15,
          1.0
        ]
      }
    ]
  ],
  "velocities": [
    [
      33,
      [
        0.0,
        0.0
      ]
    ],
    [
      31,
      [
        0.0,
        0.1
      ]
    ],
    [
      29,
      [
        0.0,
        0.0
      ]
    ]
  ],
  "sprites": [
    [
      31,
      {
        "texture_id": "item",
        "width": 1.0,
        "height": 1.0,
        "color": [
          1.0,
          0.8,
          0.19999999,
          1.0
        ],
        "billboard": true
      }
    ],
    [
      29,
      {
        "texture_id": "player",
        "width": 1.0,
        "height": 1.0,
        "color": [
          0.19999999,
          0.5999998,
          1.0,
          1.0
        ],
        "billboard": true
      }
    ],
    [
      33,
      {
        "texture_id": "item",
        "width": 1.0,
        "height": 1.0,
        "color": [
          0.24828629,
          0.076175585,
          0.49876878,
          1.0
        ],
        "billboard": true
      }
    ]
  ],
  "colliders": [
    [
      29,
      {
        "width": 1.0,
        "height": 1.0
      }
    ],
    [
      33,
      {
        "width": 1.0,
        "height": 1.0
      }
    ],
    [
      31,
      {
        "width": 1.0,
        "height": 1.0
      }
    ]
  ],
  "tags": [
    [
      31,
      "Item"
    ],
    [
      29,
      "Player"
    ],
    [
      33,
      "Item"
    ]
  ],
  "scripts": [
    [
      29,
      {
        "script_name": "Script_21",
        "enabled": true,
        "parameters": {
          "vx": {
            "Float": 0.0
          },
          "vy": {
            "Float": 0.0
          }
        }
      }
    ]
  ],
  "active": [
    [
      35,
      true
    ],
    [
      33,
      true
    ],
    [
      31,
      true
    ],
    [
      29,
      true
    ]
  ],
  "layers": [
    [
      35,
      0
    ],
    [
      31,
      0
    ],
    [
      29,
      0
    ],
    [
      33,
      0
    ]
  ],
  "parents": [],
  "names": [
    [
      33,
      "Item 33"
    ],
    [
      31,
      "Item 31"
    ],
    [
      29,
      "Player"
    ],
    [
      35,
      "Camera"
    ]
  ]
}