{
  "next_entity": 44,
  "transforms": [
    [
      42,
      {
        "position": [
          -0.17787391,
          -1.5105785,
          0.0
        ],
        "rotation": [
          0.0,
          0.0,
          0.0
        ],
        "scale": [
          4.010399,
          1.6561009,
          -10.93
        ]
      }
    ],
    [
      39,
      {
        "position": [
          -0.3187785,
          0.72162473,
          0.0
        ],
        "rotation": [
          0.0,
          0.0,
          0.0
        ],
        "scale": [
          1.0,
          1.0,
          1.0
        ]
      }
    ],
    [
      40,
      {
        "position": [
          1.4634563,
          3.2016149,
          0.0
        ],
        "rotation": [
          0.0,
          0.0,
          0.0
        ],
        "scale": [
          1.0,
          1.0,
          1.0
        ]
      }
    ],
    [
      37,
      {
        "position": [
          0.0,
          0.0,
          0.0
        ],
        "rotation": [
          0.0,
          0.0,
          0.0
        ],
        "scale": [
          1.0,
          1.0,
          1.0
        ]
      }
    ]
  ],
  "velocities": [
    [
      42,
      [
        0.0,
        0.0
      ]
    ],
    [
      39,
      [
        0.0,
        0.0
      ]
    ],
    [
      40,
      [
        0.0,
        0.0
      ]
    ]
  ],
  "sprites": [
    [
      39,
      {
        "texture_id": "player",
        "width": 1.0,
        "height": 1.0,
        "color": [
          0.19999999,
          0.5999998,
          1.0,
          1.0
        ],
        "billboard": true
      }
    ],
    [
      42,
      {
        "texture_id": "sprite",
        "width": 4.427866,
        "height": 1.174542,
        "color": [
          1.0,
          1.0,
          1.0,
          1.0
        ],
        "billboard": false
      }
    ],
    [
      40,
      {
        "texture_id": "item",
        "width": 1.0,
        "height": 1.0,
        "color": [
          1.0,
          0.8,
          0.19999999,
          1.0
        ],
        "billboard": true
      }
    ]
  ],
  "colliders": [
    [
      42,
      {
        "width": 4.427866,
        "height": 1.174542
      }
    ],
    [
      39,
      {
        "width": 1.0,
        "height": 1.0
      }
    ],
    [
      40,
      {
        "width": 1.0,
        "height": 1.0
      }
    ]
  ],
  "rigidbodies": [
    [
      39,
      {
        "velocity": [
          0.0,
          0.0
        ],
        "gravity_scale": 1.0,
        "mass": 1.0,
        "is_kinematic": false,
        "freeze_rotation": true
      }
    ],
    [
      40,
      {
        "velocity": [
          0.0,
          0.0
        ],
        "gravity_scale": 0.2,
        "mass": 1.0,
        "is_kinematic": false,
        "freeze_rotation": true
      }
    ],
    [
      42,
      {
        "velocity": [
          0.0,
          0.0
        ],
        "gravity_scale": 1.0,
        "mass": 1.0,
        "is_kinematic": true,
        "freeze_rotation": true
      }
    ]
  ],
  "cameras": [
    [
      37,
      {
        "projection": "Orthographic",
        "fov": 60.0,
        "orthographic_size": 5.0,
        "near_clip": 0.3,
        "far_clip": 1000.0,
        "viewport_rect": [
          0.0,
          0.0,
          1.0,
          1.0
        ],
        "depth": 0,
        "clear_flags": "SolidColor",
        "background_color": [
          0.15,
          0.16,
          0.18,
          1.0
        ]
      }
    ]
  ],
  "meshes": [],
  "tags": [
    [
      39,
      "Player"
    ],
    [
      40,
      "Item"
    ]
  ],
  "scripts": [
    [
      39,
      {
        "script_name": "NewScript",
        "enabled": true,
        "parameters": {}
      }
    ]
  ],
  "active": [
    [
      37,
      true
    ],
    [
      42,
      true
    ],
    [
      39,
      true
    ],
    [
      40,
      true
    ]
  ],
  "layers": [
    [
      39,
      0
    ],
    [
      37,
      0
    ],
    [
      42,
      0
    ],
    [
      40,
      0
    ]
  ],
  "parents": [],
  "names": [
    [
      37,
      "Camera"
    ],
    [
      42,
      "Sprite"
    ],
    [
      39,
      "Player"
    ],
    [
      40,
      "Item 40"
    ]
  ]
}