{
  "next_entity": 37,
  "transforms": [
    [
      29,
      {
        "position": [
          -1.2367222,
          0.8300339,
          0.0
        ],
        "rotation": [
          0.0,
          0.0,
          29.0
        ],
        "scale": [
          1.0,
          1.0,
          1.0
        ]
      }
    ],
    [
      36,
      {
        "position": [
          0.0,
          0.0,
          0.0
        ],
        "rotation": [
          0.0,
          0.0,
          0.0
        ],
        "scale": [
          1.0,
          1.0,
          1.0
        ]
      }
    ],
    [
      33,
      {
        "position": [
          1.7581924,
          0.18982601,
          0.0
        ],
        "rotation": [
          -11.0,
          -17.0,
          215.12427
        ],
        "scale": [
          1.0,
          1.0,
          1.0
        ]
      }
    ],
    [
      31,
      {
        "position": [
          0.44065344,
          2.0670276,
          0.0
        ],
        "rotation": [
          0.0,
          0.0,
          -70.63017
        ],
        "scale": [
          1.0,
          1.0,
          1.0
        ]
      }
    ]
  ],
  "velocities": [
    [
      31,
      [
        0.0,
        0.1
      ]
    ],
    [
      33,
      [
        0.0,
        0.0
      ]
    ],
    [
      29,
      [
        0.0,
        0.0
      ]
    ]
  ],
  "sprites": [
    [
      33,
      {
        "texture_id": "item",
        "width": 1.0,
        "height": 1.0,
        "color": [
          0.24828629,
          0.076175585,
          0.49876878,
          1.0
        ],
        "billboard": true
      }
    ],
    [
      31,
      {
        "texture_id": "item",
        "width": 1.0,
        "height": 1.0,
        "color": [
          1.0,
          0.8,
          0.19999999,
          1.0
        ],
        "billboard": true
      }
    ],
    [
      29,
      {
        "texture_id": "player",
        "width": 1.0,
        "height": 1.0,
        "color": [
          0.19999999,
          0.5999998,
          1.0,
          1.0
        ],
        "billboard": true
      }
    ]
  ],
  "colliders": [
    [
      33,
      {
        "width": 1.0,
        "height": 1.0
      }
    ],
    [
      29,
      {
        "width": 1.0,
        "height": 1.0
      }
    ],
    [
      31,
      {
        "width": 1.0,
        "height": 1.0
      }
    ]
  ],
  "cameras": [
    [
      36,
      {
        "projection": "Orthographic",
        "fov": 60.0,
        "orthographic_size": 5.0,
        "near_clip": 0.3,
        "far_clip": 1000.0,
        "viewport_rect": [
          0.0,
          0.0,
          1.0,
          1.0
        ],
        "depth": 0,
        "clear_flags": "SolidColor",
        "background_color": [
          0.15,
          0.16,
          0.18,
          1.0
        ]
      }
    ]
  ],
  "meshes": [],
  "tags": [
    [
      31,
      "Item"
    ],
    [
      33,
      "Item"
    ],
    [
      29,
      "Player"
    ]
  ],
  "scripts": [
    [
      29,
      {
        "script_name": "Script_21",
        "enabled": true,
        "parameters": {
          "vx": {
            "Float": 0.0
          },
          "vy": {
            "Float": 0.0
          }
        }
      }
    ]
  ],
  "active": [
    [
      33,
      true
    ],
    [
      29,
      true
    ],
    [
      31,
      true
    ],
    [
      36,
      true
    ]
  ],
  "layers": [
    [
      36,
      0
    ],
    [
      33,
      0
    ],
    [
      29,
      0
    ],
    [
      31,
      0
    ]
  ],
  "parents": [],
  "names": [
    [
      29,
      "Player"
    ],
    [
      33,
      "Item 33"
    ],
    [
      36,
      "Camera"
    ],
    [
      31,
      "Item 31"
    ]
  ]
}